이름,나이,거주지
이승연,27,서울
김아아,28,대전
이황,30,대구
주주,40,부산
모니카,59,서울
이승연,27,서울
김아아,28,대전
이황,30,대구
주주,40,부산
모니카,59,서울
이승연,27,서울
김아아,28,대전
이황,30,대구
주주,40,부산
모니카,59,서울
이승연,27,서울
김아아,28,대전
이황,30,대구
주주,40,부산
모니카,59,서울
이승연,27,서울
김아아,28,대전
이황,30,대구
주주,40,부산
모니카,59,서울
이승연,27,서울
김아아,28,대전
이황,30,대구
주주,40,부산
모니카,59,서울
이승연,27,서울
김아아,28,대전
이황,30,대구
주주,40,부산
모니카,59,서울
이승연,27,서울
김아아,28,대전
이황,30,대구
주주,40,부산
모니카,59,서울
이승연,27,서울
김아아,28,대전
이황,30,대구
주주,40,부산
모니카,59,서울
이승연,27,서울
김아아,28,대전
이황,30,대구
주주,40,부산
모니카,59,서울
이승연,27,서울
김아아,28,대전
이황,30,대구
주주,40,부산
모니카,59,서울
이승연,27,서울
김아아,28,대전
이황,30,대구
주주,40,부산
모니카,59,서울
이승연,27,서울
김아아,28,대전
이황,30,대구
주주,40,부산
모니카,59,서울
이승연,27,서울
김아아,28,대전
이황,30,대구
주주,40,부산
모니카,59,서울
이승연,27,서울
김아아,28,대전
이황,30,대구
주주,40,부산
모니카,59,서울
이승연,27,서울
김아아,28,대전
이황,30,대구
주주,40,부산
모니카,59,서울
이승연,27,서울
김아아,28,대전
이황,30,대구
주주,40,부산
모니카,59,서울
이승연,27,서울
김아아,28,대전
이황,30,대구
주주,40,부산
모니카,59,서울
이승연,27,서울
김아아,28,대전
이황,30,대구
주주,40,부산
모니카,59,서울
,27,서울
,28,대전
,30,대구
,40,부산
,59,서울
